,Hour_1,Hour_2,Hour_3,Hour_4,Hour_5,Hour_6,Hour_7,Hour_8,Hour_9,Hour_10,Hour_11,Hour_12,Hour_13,Hour_14,Hour_15,Hour_16,Hour_17,Hour_18,Hour_19,Hour_20,Hour_21,Hour_22,Hour_23,Hour_24,Total_Importance
Sin_Year,46.23544,42.045643,41.029602,37.87202,36.372208,40.027637,47.96228,71.09961,84.14096,96.854935,102.459625,93.21399,112.82701,127.81906,142.99266,149.94493,142.30772,113.23195,69.790726,48.58976,45.23713,44.423832,46.3181,47.636177,1830.4332
PCA_Temp_Lag1,25.80308,23.906216,43.31687,16.144243,34.848164,35.450676,48.51257,69.00069,98.417595,115.488014,123.93377,119.71064,146.69838,162.07048,197.635,66.94365,112.769325,56.06754,53.869816,47.697678,26.987732,25.487665,32.43978,26.472061,1709.6715
Is_Weekend,2.0647385,4.716412,11.089507,22.464556,49.552967,89.72006,120.91458,128.8335,118.35618,108.29512,103.18895,104.56817,106.44736,109.383255,96.86944,77.92152,67.5429,57.687393,50.68133,44.229668,36.073845,26.889654,19.94941,16.875885,1574.3163
PCA_Temp,30.871033,40.92656,33.943996,51.885303,28.073498,22.539822,16.114355,10.957861,10.050502,9.71162,32.35814,59.938267,67.432465,71.96018,53.567913,104.48903,77.09525,81.6995,90.13878,83.81335,72.0418,71.169876,49.1869,35.81525,1205.7814
CDD,35.66659,21.616966,11.832372,14.407751,13.159459,7.8826365,7.081727,2.9828393,6.0419927,5.143111,11.63475,38.194096,39.562252,47.03293,47.084347,123.97015,65.845764,73.136406,37.51794,37.22197,59.420765,40.806347,36.53409,43.692257,827.4695
PCA_GHI,0.0,0.0,0.0,0.0,0.0,3.5931373,42.3703,66.66994,103.942566,107.311844,90.28086,67.17028,59.06239,76.70398,45.364056,41.207504,32.74237,20.40071,13.877841,2.3798459,0.0,0.0,0.0,0.0,773.07764
Cos_Year,16.25477,13.622581,10.635353,6.675479,7.929446,10.351244,10.919143,11.338015,19.684778,43.239456,56.30803,50.17375,54.05001,56.60845,46.118603,33.697124,20.006142,33.923107,32.427105,23.884924,23.1035,26.986223,21.7095,15.211286,644.85803
PCA_GHI_Lag1,0.0,0.0,0.0,0.0,0.0,0.0,0.83528084,12.355802,15.436551,25.830948,40.703434,57.772125,56.596485,23.5634,43.559658,28.015505,14.569959,13.125754,9.403966,13.849339,4.322439,0.0,0.0,0.0,359.94064
HDD,10.874114,10.762872,5.0771475,5.951235,8.780684,13.163312,9.297633,14.465346,11.946933,6.0676436,6.2088737,1.9979143,1.1258031,0.8920538,1.6487421,1.5326759,1.289923,2.2154977,2.404941,4.2926273,7.039266,2.5857623,4.9924564,6.8943596,141.50783
Month_12,12.341845,10.234741,7.638062,6.4572983,2.382237,0.53022355,0.21563555,0.053808965,0.40300736,0.20408994,0.11154849,0.3625478,0.5631302,0.32004288,0.03850951,0.0,2.027065,7.0227065,4.56478,10.334216,13.880836,11.245139,14.771928,13.152007,118.85541
Month_8,2.8370824,2.8953383,3.0501795,4.1586227,4.1341324,3.78226,1.7481079,1.1448869,2.4403353,3.2473326,5.236816,8.325335,5.840854,4.2701607,2.9571705,1.0999461,1.241098,1.292081,3.8980083,8.222637,6.9998393,6.0866103,2.034679,1.3164033,88.2599
Month_11,1.943842,1.6358843,2.767849,4.504883,7.1535296,7.148196,10.253395,9.0199795,6.4928093,4.6789517,4.8536773,2.886788,1.7127956,1.8927196,2.3607035,1.9397333,2.251131,0.26384714,1.4679123,1.0102237,0.95688945,1.5959083,1.6476202,2.136101,82.57537
Is_Holiday,0.10196658,0.21922944,0.16705908,0.42881006,1.8364524,4.5342274,6.626496,6.719261,5.6277165,4.870739,4.9222527,4.7827783,3.7403536,3.2512906,3.2607465,2.8951802,2.401914,3.0165687,3.0876346,3.4383423,3.456428,2.810036,2.0101218,0.97102344,75.17663
Month_9,2.324141,2.5872462,2.800069,1.9392502,1.1893705,0.8323943,1.4447258,1.9759904,1.7039943,2.3522809,1.2080417,1.1640471,0.62007964,0.22774453,0.29266798,0.43714342,1.3596742,1.8643695,4.9201574,2.0257695,0.75819737,0.82556635,1.1602727,1.0176604,37.030857
Month_4,2.1531541,2.2868028,1.8891897,2.7072444,2.167186,4.335969,3.6582499,3.1936908,2.4401853,1.8748467,0.53988755,0.48738667,1.0267441,0.83024937,0.3189937,0.14264221,0.77567685,0.07070613,0.20256649,0.82783926,0.4744728,0.96977085,1.3701677,1.8338946,36.57752
Month_10,1.8954172,1.5137192,0.97716075,0.52400655,0.27572885,0.026863815,0.42962995,0.41001546,0.7563097,0.64483166,0.9619886,1.5513743,0.78430736,0.46594027,0.54646546,0.7405165,0.8282064,0.256373,1.0141823,0.8871797,3.2285504,4.1101213,3.428063,1.5999631,27.856913
Month_6,0.2128964,0.29333317,0.39289054,0.31453118,0.16514143,0.58754337,1.2365407,2.826573,3.7465644,3.116681,1.4374404,0.7262691,0.29592934,0.44003186,0.5365015,0.66473794,0.51637083,3.871393,1.4084615,0.32438776,2.221989,1.308843,0.10213093,0.4448118,27.191992
Month_5,0.32773122,0.47881043,0.22929208,0.108620405,0.35764194,3.922578,1.5601467,0.16967204,0.120872244,0.072514676,0.0,0.11087311,0.0,0.110572524,0.12098782,0.16587913,0.22163294,0.23912196,0.2348575,0.5407637,0.03932281,0.82682735,0.7605425,0.58846444,11.307726
Month_7,0.16867667,0.118309945,0.09775721,0.01938591,0.21117693,0.225989,0.78093636,0.56061435,0.35962915,0.38435215,0.87925726,1.7296973,1.4736928,1.618207,0.1342581,0.32769266,0.04689098,0.050781347,0.0,0.05926689,0.06075956,0.0,0.11834245,0.19567567,9.62135
Month_2,0.49932903,0.43910006,0.23515424,0.17976066,0.15574877,0.0040174825,0.1374189,0.05218659,0.025097469,0.075216025,0.15309092,1.3614329,0.77092963,0.4351882,0.3534556,0.046623487,0.0,0.0,0.70602095,0.9802546,0.7590171,0.8973343,0.7027471,0.102043375,9.071168
Month_3,0.09412119,0.042782333,0.25803968,0.18722881,0.11507022,0.514779,0.12787995,0.2611203,0.25561473,0.2293185,0.5588259,0.0380802,0.27772465,0.16285032,0.39715293,0.81974596,0.5285117,0.3433435,0.29061162,0.172659,0.16310938,0.3155774,0.1314939,0.13392192,6.4195633
Month_1,0.07317647,0.19422106,0.13610475,0.079110004,0.10970742,0.14804487,0.9283024,0.21071237,0.06193247,0.017581569,0.0041839355,0.0,0.13550973,0.013839991,0.4592807,0.39678612,0.56503636,0.19279552,0.10504885,0.1239378,0.5392281,0.10076715,0.6760992,0.46066964,5.7320766
Cos_Hour,0.0,0.0,0.0,0.0,0.0,0.0,0.0,0.0,0.0,0.0,0.0,0.0,0.0,0.0,0.0,0.0,0.0,0.0,0.0,0.0,0.0,0.0,0.0,0.0,0.0
Sin_Hour,0.0,0.0,0.0,0.0,0.0,0.0,0.0,0.0,0.0,0.0,0.0,0.0,0.0,0.0,0.0,0.0,0.0,0.0,0.0,0.0,0.0,0.0,0.0,0.0,0.0
